station_id,station_name,location,crs1,lat1,lon1,crs2,lat2,lon2,distance_meters
466940,基隆,基隆市仁愛區,TWD97,25.135104,121.732242,WGS84,25.133314,121.740475,853.5678218100207
466900,淡水,新北市淡水區,TWD97,25.166664,121.440672,WGS84,25.164889,121.448906,853.0738452646527
466881,新北,新北市新店區,TWD97,24.96099,121.516977,WGS84,24.959207,121.525196,853.1530264170274
466930,陽明山,臺北市北投區,TWD97,25.163858,121.536313,WGS84,25.162078,121.544547,853.2201589222794
466910,鞍部,臺北市北投區,TWD97,25.184365,121.521495,WGS84,25.182586,121.529731,853.2557281271185
467571,新竹,新竹縣竹北市,TWD97,24.830335,121.006343,WGS84,24.828575,121.01445,842.3981547276977
467490,臺中,臺中市北區,TWD97,24.147494,120.675919,WGS84,24.145736,120.684075,851.5067071606351
C0FA30,梧棲,臺中市梧棲區,TWD97,24.257753,120.515211,WGS84,24.256003,120.523381,851.9955404956493
467350,澎湖,澎湖縣馬公市,TWD97,23.56722,119.554987,WGS84,23.565503,119.563094,849.2071605118368
467650,日月潭,南投縣魚池鄉,TWD97,23.883099,120.899911,WGS84,23.881325,120.90805,851.8782343123194
467530,阿里山,嘉義縣阿里山鄉,TWD97,23.509984,120.805129,WGS84,23.508208,120.813242,851.638783027571
467550,玉山,南投縣信義鄉,TWD97,23.488964,120.951318,WGS84,23.48718,120.95943,851.8722394356683
467480,嘉義,嘉義市西區,TWD97,23.497684,120.424796,WGS84,23.495925,120.432906,850.9823752395685
467410,臺南,臺南市中西區,TWD97,22.995039,120.196846,WGS84,22.99328,120.20492,850.413761750253
467441,高雄,高雄市楠梓區,TWD97,22.732201,120.304459,WGS84,22.730432,120.312516,850.518071783823
467590,恆春,屏東縣恆春鎮,TWD97,22.0057,120.738326,WGS84,22.003897,120.746339,851.1574884065647
467080,宜蘭,宜蘭縣宜蘭市,TWD97,24.765773,121.748322,WGS84,24.763975,121.756528,853.5277108875139
466990,花蓮,花蓮縣花蓮市,TWD97,23.976933,121.605126,WGS84,23.975128,121.613275,853.0845892573709
467610,成功,臺東縣成功鎮,TWD97,23.099296,121.36534,WGS84,23.097486,121.373428,852.500973980299
467660,臺東,臺東縣臺東市,TWD97,22.754017,121.146522,WGS84,22.752211,121.154586,852.042587748845
467540,大武,臺東縣大武鄉,TWD97,22.357523,120.895703,WGS84,22.35572,120.90374,851.5630368259658
467620,蘭嶼,臺東縣蘭嶼鄉,TWD97,22.038737,121.55041,WGS84,22.0369,121.55843,852.5641902571728
466950,彭佳嶼,基隆市中正區,TWD97,25.629774,122.071474,WGS84,25.627975,122.079744,854.1344168590709
467300,東吉島,澎湖縣望安鄉,TWD97,23.258999,119.659533,WGS84,23.25727,119.66762,849.3799857452177
469020,南沙島,高雄市旗津區,TWD97,10.372116,114.356938,WGS84,10.370203,114.364286,832.0540640706249
468100,東沙島,高雄市旗津區,TWD97,20.70252,116.722116,WGS84,20.700856,116.73,841.7282462245231
467420,永康,臺南市永康區,TWD97,23.040146,120.228623,WGS84,23.038386,120.2367,850.4707763071045
C2W030,金門(東),金門縣金湖鎮,TWD97,24.450074,118.443627,WGS84,24.448431,118.451786,847.0655495559716
466920,臺北,臺北市中正區,TWD97,25.039439,121.506628,WGS84,25.037658,121.514853,853.1788078047566
A0G720,彰師大,彰化縣彰化市,TWD97,24.08314,120.548508,WGS84,24.081389,120.556667,852.0300502916842
A0Z080,合歡山,花蓮縣秀林鄉,TWD97,24.144972,121.276071,WGS84,24.143186,121.284231,852.6325843512429
A0W080,吉貝,澎湖縣白沙鄉,TWD97,23.741712,119.596041,WGS84,23.740011,119.604189,851.8194367939705
467110,金門,金門縣金城鎮,TWD97,24.408942,118.281127,WGS84,24.407306,118.289281,846.6657746617311
467990,馬祖,連江縣南竿鄉,TWD97,26.171145,119.914855,WGS84,26.169467,119.923158,850.6385668670268
A0K420,麥寮,雲林縣麥寮鄉,TWD97,23.800517,120.209572,WGS84,23.798783,120.217717,851.9740701918212
467050,新屋,桃園市新屋區,TWD97,25.008484,121.039271,WGS84,25.006725,121.047492,852.4279270290698
A2K570,古坑(花卉中心),雲林縣古坑鄉,TWD97,23.6353,120.54428,WGS84,23.63353,120.55239,850.4236260611839
CAAH60,大安森林,臺北市大安區,TWD97,25.031331,121.528056,WGS84,25.02955,121.53628,853.133649118696
CAHA00,消防署訓練中心,南投縣竹山鎮,TWD97,23.82313,120.7148,WGS84,23.82137,120.72293,851.0002848416603
467270,田中,彰化縣田中鎮,TWD97,23.875561,120.573149,WGS84,23.873803,120.581286,851.319592646701
CAC040,拉拉山,桃園市復興區,TWD97,24.7011,121.418933,WGS84,24.699317,121.427133,852.9680266348668
CAW010,東引,連江縣東引鄉,TWD97,26.360539,120.475308,WGS84,26.358836,120.483631,851.8838017671626
CAP070,高雄燈塔,高雄市旗津區,TWD97,22.616364,120.256631,WGS84,22.614594,120.26468,850.4192167314235
A0F010,武陵,臺中市和平區,TWD97,24.354609,121.300112,WGS84,24.352825,121.308286,852.643214704212
467280,後龍,苗栗縣造橋鄉,TWD97,24.650318,120.823641,WGS84,24.648563,120.831834,851.8920984923762
467290,古坑,雲林縣古坑鄉,TWD97,23.635401,120.543769,WGS84,23.633639,120.551889,851.212344304784
C2C410,中央大學,桃園市中壢區,TWD97,24.969417,121.176946,WGS84,24.967652,121.185165,852.6386219020658
A0A460,文化大學,臺北市士林區,TWD97,25.137855,121.531657,WGS84,25.13605,121.53987,851.9767735984034
A0A010,臺灣大學,臺北市大安區,TWD97,25.01606,121.531193,WGS84,25.014278,121.539416,853.1608987685989
72S200,班鳩分場,臺東縣卑南鄉,TWD97,22.831307,121.069619,WGS84,22.829528,121.077694,851.9906014920429
72S590,賓朗果園,臺東縣卑南鄉,TWD97,22.815668,121.063204,WGS84,22.813889,121.071278,851.9827418165343
82S580,臺東茶改,臺東縣鹿野鄉,TWD97,22.909476,121.12206,WGS84,22.907694,121.130139,852.0059009478986
U2H480,臺大溪頭,南投縣鹿谷鄉,TWD97,23.672071,120.790065,WGS84,23.670306,120.798194,851.9576135782495
72G600,臺中農改,彰化縣大村鄉,TWD97,24.004779,120.526236,WGS84,24.003028,120.534389,851.9254595446349
72K220,雲林分場,雲林縣斗南鎮,TWD97,23.636304,120.469202,WGS84,23.634556,120.477333,851.9456371589152
72N100,臺南農改,臺南市新化區,TWD97,23.062242,120.334096,WGS84,23.0605,120.342194,851.9806380201254
72V140,旗南農改,高雄市旗山區,TWD97,22.859612,120.508583,WGS84,22.857861,120.516667,852.0114132839448
72Q010,高雄農改,屏東縣長治鄉,TWD97,22.711084,120.517814,WGS84,22.709333,120.525889,851.9853422831698
B2E890,新竹畜試,苗栗縣西湖鄉,TWD97,24.529569,120.762788,WGS84,24.527806,120.770972,851.9809893006865
72C440,桃園農改,桃園市新屋區,TWD97,24.952721,121.022375,WGS84,24.950944,121.030583,851.9724139306213
72D080,五峰站,新竹縣五峰鄉,TWD97,24.613978,121.148983,WGS84,24.612194,121.157167,851.9775444503438
82C160,茶改場,桃園市楊梅區,TWD97,24.910258,121.17713,WGS84,24.908472,121.185333,851.9880289127505
A2C560,農工中心,桃園市中壢區,TWD97,24.987706,121.231626,WGS84,24.985917,121.239833,851.9546446220968
82A750,文山茶改,新北市石碇區,TWD97,24.957588,121.623022,WGS84,24.955778,121.631222,852.0076528515344
72U480,蘭陽分場,宜蘭縣三星鄉,TWD97,24.688121,121.708402,WGS84,24.686306,121.716583,852.0105816411794
K2E360,苗栗農改,苗栗縣公館鄉,TWD97,24.497488,120.82093,WGS84,24.495722,120.829111,851.9660470310479
K2E710,大湖分場,苗栗縣大湖鄉,TWD97,24.42463,120.863657,WGS84,24.422861,120.871833,852.0128224772849
K2F750,種苗繁殖,臺中市新社區,TWD97,24.227737,120.792753,WGS84,24.225972,120.800917,851.9712044392611
82H840,凍頂茶改,南投縣鹿谷鄉,TWD97,23.76429,120.732364,WGS84,23.762528,120.7405,852.0091869150805
82H320,魚池茶改,南投縣魚池鄉,TWD97,23.877382,120.905442,WGS84,23.875611,120.913583,852.0352740786167
U2HA50,臺大竹山,南投縣竹山鎮,TWD97,23.758731,120.67342,WGS84,23.756972,120.681556,851.9673954738397
G2L020,嘉義農試,嘉義市東區,TWD97,23.486776,120.465684,WGS84,23.485028,120.473806,851.9643006311401
72M360,義竹分場,嘉義縣義竹鄉,TWD97,23.362432,120.271244,WGS84,23.360694,120.279361,851.9705416166031
B2N890,畜試所,臺南市新化區,TWD97,23.060713,120.328308,WGS84,23.058972,120.336406,851.9646882152945
G2P820,鳳山農試,高雄市鳳山區,TWD97,22.648354,120.34801,WGS84,22.646611,120.356083,851.9512213796769
B2Q810,恆春畜試,屏東縣恆春鎮,TWD97,21.947348,120.794139,WGS84,21.945583,120.802167,852.017157142147
72T250,花蓮農改,花蓮縣吉安鄉,TWD97,23.977028,121.555752,WGS84,23.975222,121.563889,851.9228103021381
E2H360,蓮華池,南投縣魚池鄉,TWD97,23.920106,120.877136,WGS84,23.918333,120.885278,851.9205861790243
72HA00,埔里分場,南投縣魚池鄉,TWD97,23.904982,120.955222,WGS84,23.903208,120.963364,852.0399196994316
U2HA30,臺大和社,南投縣信義鄉,TWD97,23.592633,120.880744,WGS84,23.590856,120.888864,851.8561511788997
U2HA40,臺大內茅埔,南投縣信義鄉,TWD97,23.691497,120.842992,WGS84,23.689722,120.851117,851.696304239861
G2M350,溪口農場,嘉義縣溪口鄉,TWD97,23.587406,120.399994,WGS84,23.58565,120.408111,851.0555683503038
E2K600,四湖植物園,雲林縣四湖鄉,TWD97,23.678718,120.155296,WGS84,23.676986,120.163433,851.880571637876
G2F820,農業試驗所,臺中市霧峰區,TWD97,24.033022,120.679986,WGS84,24.031261,120.688133,851.4079698991683
72M700,嘉義分場,嘉義縣鹿草鄉,TWD97,23.418608,120.274941,WGS84,23.416869,120.283061,851.9537246564529
72N240,七股研究中心,臺南市七股區,TWD97,23.083472,120.054792,WGS84,23.081672,120.062894,853.7301852650868
42HA10,萬大發電廠,南投縣仁愛鄉,TWD97,23.980611,121.131497,WGS84,23.978875,121.139639,850.6089766788228
12Q970,東港工作站,屏東縣東港鎮,TWD97,22.481778,120.458017,WGS84,22.479997,120.466058,850.6801922391842
12J990,口湖工作站,雲林縣口湖鄉,TWD97,23.591722,120.172281,WGS84,23.589978,120.180394,850.3288269433725
12Q980,恆春工作站,屏東縣車城鄉,TWD97,22.081478,120.706406,WGS84,22.079678,120.714425,851.2538925655076
V2K610,大庄合作社,雲林縣二崙鄉,TWD97,23.80855,120.359808,WGS84,23.8068,120.367939,850.9364685487902
V2K620,麥寮合作社,雲林縣麥寮鄉,TWD97,23.755583,120.286657,WGS84,23.753836,120.294783,850.6910845686389
E2S980,太麻里(1),臺東縣太麻里鄉,TWD97,22.600724,120.971991,WGS84,22.598922,120.980044,851.7337141123002
E2S960,太麻里(2),臺東縣太麻里鄉,TWD97,22.599802,120.9897,WGS84,22.598,120.99775,851.4391895372619
72AI40,桃改臺北,新北市樹林區,TWD97,24.946279,121.378755,WGS84,24.944503,121.386972,852.8731535200941
E2HA20,畢祿溪站,南投縣仁愛鄉,TWD97,24.22873,121.300362,WGS84,24.226944,121.308522,852.1065587624059
A2N290,蘭花園區,臺南市後壁區,TWD97,23.342018,120.371562,WGS84,23.340258,120.379661,850.8559605626959
B2U990,宜蘭畜試,宜蘭縣五結鄉,TWD97,24.670842,121.824362,WGS84,24.669039,121.832561,853.5799376346639
A2K630,雲林臺大,雲林縣虎尾鎮,TWD97,23.732381,120.415777,WGS84,23.730628,120.423903,850.9852332409623
E2P980,六龜林試,高雄市六龜區,TWD97,22.993482,120.637645,WGS84,22.991703,120.645722,851.2323541762876
E2P990,扇平林試,高雄市茂林區,TWD97,22.969481,120.677627,WGS84,22.9677,120.685703,851.3260623810024
A2K360,臺西水試,雲林縣臺西鄉,TWD97,23.718974,120.182399,WGS84,23.717231,120.190522,850.5177097468363
V2C250,八德合作社,桃園市八德區,TWD97,24.939471,121.258178,WGS84,24.93775,121.266389,850.9420726731199
V2C260,八德蔬果,桃園市八德區,TWD97,24.980279,121.27356,WGS84,24.978508,121.281819,856.6512856389718
72D680,新埔工作站,新竹縣新埔鎮,TWD97,24.836,121.058,WGS84,24.834444,121.066111,837.815661864621
G2AI50,台農院關渡站,臺北市北投區,TWD97,25.117528,121.483769,WGS84,25.11575,121.492,853.1791727684106
CAH030,茶改場竹圍站,南投縣名間鄉,TWD97,23.861844,120.629392,WGS84,23.86008,120.6375,848.6818454668319
CAN130,水試所海水繁養殖中心,臺南市七股區,TWD97,23.122553,120.071594,WGS84,23.120802,120.079676,850.250941381083
CAL110,布袋國中,嘉義縣布袋鎮,TWD97,23.360676,120.17216,WGS84,23.35893,120.18026,850.4890031272283
CAG100,王功漁港,彰化縣芳苑鄉,TWD97,23.969984,120.317718,WGS84,23.96824,120.32586,850.8758569691295
CAJ050,海口故事園區,雲林縣口湖鄉,TWD97,23.577174,120.133097,WGS84,23.57543,120.14121,850.4176375225144
CAN140,六官養殖協會,臺南市六甲區,TWD97,23.230568,120.29153,WGS84,23.22881,120.29962,850.5793224097345
CAQ030,崎峰國小,屏東縣林邊鄉,TWD97,22.427434,120.487171,WGS84,22.42565,120.49521,850.8704518849133
C2M960,外寮,嘉義縣梅山鄉,TWD97,23.564411,120.657572,WGS84,23.562643,120.665688,851.4012364954358
C2M970,碧湖,嘉義縣梅山鄉,TWD97,23.570397,120.616047,WGS84,23.568632,120.624165,851.4870868678524
C2R170,屏東,屏東縣屏東市,TWD97,22.662048,120.485974,WGS84,22.660269,120.494027,850.7835779069511
C2V310,美濃,高雄市美濃區,TWD97,22.900567,120.511,WGS84,22.898792,120.51907,850.9808533875481
C2M980,安和,嘉義縣新港鄉,TWD97,23.515523,120.30782,WGS84,23.51377,120.31593,850.7219889678429
C2M990,大巃頂,嘉義縣梅山鄉,TWD97,23.556466,120.606275,WGS84,23.5547,120.61439,851.2993891645394
C2N170,茅港尾,臺南市下營區,TWD97,23.207857,120.254311,WGS84,23.2061,120.2624,850.5904917319467
C2R980,竹田國中,屏東縣竹田鄉,TWD97,22.617101,120.516069,WGS84,22.61532,120.52412,850.896566572554
C2R990,泰武,屏東縣泰武鄉,TWD97,22.608649,120.689598,WGS84,22.60686,120.69765,851.2514898105856
C2TA60,六十石,花蓮縣富里鄉,TWD97,23.226575,121.310513,WGS84,23.22477,121.31861,852.5063429056343
C2TA70,赤科坪,花蓮縣玉里鎮,TWD97,23.400655,121.383571,WGS84,23.39885,121.39168,852.6516434094145
C2UC10,出水溪,宜蘭縣大同鄉,TWD97,24.617617,121.644058,WGS84,24.615822,121.652253,853.320885936667
C2UC20,長嶺,宜蘭縣員山鄉,TWD97,24.710732,121.603419,WGS84,24.70894,121.61162,853.2358388862142
C2E980,和興,苗栗縣獅潭鄉,TWD97,24.507081,120.914833,WGS84,24.505319,120.923016,852.000534658468
C2E990,新坪頂,苗栗縣卓蘭鎮,TWD97,24.303773,120.849231,WGS84,24.30201,120.8574,851.9348622640487
C2H9Y0,松茗,南投縣名間鄉,TWD97,23.818463,120.642632,WGS84,23.8167,120.650765,851.4028022377167
C2RA10,大新,屏東縣內埔鄉,TWD97,22.677362,120.569824,WGS84,22.67558,120.57788,851.0711954764669
C2TA90,加納納,花蓮縣瑞穗鄉,TWD97,23.468223,121.351754,WGS84,23.466421,121.359867,852.562035561969
C2TB30,吉安,花蓮縣吉安鄉,TWD97,23.947182,121.539883,WGS84,23.94538,121.54803,852.9937033638622
C2K290,崙內,雲林縣土庫鎮,TWD97,23.697001,120.347887,WGS84,23.69525,120.35601,850.8542189770218
C2K300,鹿南,雲林縣元長鄉,TWD97,23.640303,120.355481,WGS84,23.63855,120.3636,850.8550021608459
C2K250,崙背,雲林縣崙背鄉,TWD97,23.757278,120.310803,WGS84,23.75553,120.31893,850.8051189504904
C2K280,四湖,雲林縣四湖鄉,TWD97,23.632147,120.219053,WGS84,23.6304,120.22717,850.5547947414177
C2X060,下營,臺南市下營區,TWD97,23.228563,120.248201,WGS84,23.226806,120.256291,850.5660029579308
C2S9B0,利吉,臺東縣卑南鄉,TWD97,22.864264,121.146788,WGS84,22.86246,121.15486,852.1418505950579
C2S9A0,北份子寮,臺東縣卑南鄉,TWD97,22.787412,121.070064,WGS84,22.78561,121.07813,851.9427148517908
C2SD50,順那,臺東縣東河鄉,TWD97,23.043467,121.285235,WGS84,23.04166,121.29332,852.4561477032911
C2SD70,二層坪,臺東縣鹿野鄉,TWD97,22.942853,121.160303,WGS84,22.94105,121.16838,852.1510255149975
C2SD60,明峰,臺東縣卑南鄉,TWD97,22.868903,121.110178,WGS84,22.8671,121.11825,852.0885786193527
C2SD80,再來山,臺東縣長濱鄉,TWD97,23.345518,121.433115,WGS84,23.34371,121.44122,852.6649284987272
C2TB80,庄子底,花蓮縣鳳林鎮,TWD97,23.719744,121.486249,WGS84,23.71794,121.49438,852.8650580937283
C2TB90,長橋,花蓮縣鳳林鎮,TWD97,23.689203,121.453731,WGS84,23.6874,121.46186,852.8282189947859
C2TB50,麻汝,花蓮縣玉里鎮,TWD97,23.427345,121.38547,WGS84,23.42554,121.39358,852.5895527713416
C2TB70,達谷寮,花蓮縣玉里鎮,TWD97,23.381804,121.351573,WGS84,23.38,121.35968,852.5408325710304
C2TB60,南安,花蓮縣卓溪鄉,TWD97,23.299981,121.253469,WGS84,23.29818,121.26157,852.3596862801328
C2H9X0,福盛,南投縣中寮鄉,TWD97,23.8953,120.83263,WGS84,23.89353,120.84077,851.7996724746821
C2G9C0,埔南,彰化縣埔鹽鄉,TWD97,23.992991,120.461546,WGS84,23.99124,120.46969,851.1072130847239
C2G9E0,移民庄,彰化縣二林鎮,TWD97,23.980148,120.394687,WGS84,23.9784,120.40283,851.0124145468957
C2K310,港尾布雞,雲林縣崙背鄉,TWD97,23.750092,120.376263,WGS84,23.74834,120.38439,850.9502809057742
C2M9A0,大華,嘉義縣竹崎鄉,TWD97,23.484171,120.6668,WGS84,23.4824,120.67491,851.3697240114572
C2M9D0,何竹子腳,嘉義縣民雄鄉,TWD97,23.538166,120.373918,WGS84,23.53641,120.38203,850.8588947259673
C2M9C0,紫雲,嘉義縣竹崎鄉,TWD97,23.496678,120.532142,WGS84,23.494914,120.540253,851.214860559832
C2M9E0,旺來山,嘉義縣民雄鄉,TWD97,23.556913,120.478349,WGS84,23.555153,120.486463,851.0448346190697
C2M9B0,西興,嘉義縣大埔鄉,TWD97,23.244571,120.568077,WGS84,23.2428,120.57617,851.1248238874251
C2N190,烏樹,臺南市後壁區,TWD97,23.32569,120.361793,WGS84,23.32393,120.36989,850.7553050943426
C2N180,鹿陶洋,臺南市楠西區,TWD97,23.145019,120.475434,WGS84,23.14325,120.48352,850.9724487579616
C2V920,匏子寮,高雄市甲仙區,TWD97,23.050824,120.54511,WGS84,23.04905,120.55319,851.0631988541242
C2V580,瑞山,高雄市內門區,TWD97,22.904811,120.42617,WGS84,22.90304,120.43424,850.8535858567366
C2R9A0,高士國小,屏東縣牡丹鄉,TWD97,22.127335,120.838508,WGS84,22.12553,120.84653,851.4248945664194
C2M530,奮起湖,嘉義縣竹崎鄉,TWD97,23.495674,120.691142,WGS84,23.493903,120.699253,851.3992485584345
C2M810,里佳,嘉義縣阿里山鄉,TWD97,23.390899,120.708543,WGS84,23.389125,120.716647,851.414852881754
C2C590,觀音,桃園市觀音區,TWD97,25.028835,121.145094,WGS84,25.027072,121.153317,852.5927874469079
C2E420,竹南,苗栗縣竹南鎮,TWD97,24.710737,120.880772,WGS84,24.70898,120.88897,852.0465738010486
C2E430,南庄,苗栗縣南庄鄉,TWD97,24.603539,120.992023,WGS84,24.601775,121.000214,852.2232623382569
C2W230,畜試所澎湖,澎湖縣西嶼鄉,TWD97,23.630055,119.505094,WGS84,23.628342,119.513206,849.2214938150443
C2E880,三義,苗栗縣三義鄉,TWD97,24.407236,120.741644,WGS84,24.405478,120.749819,851.7451926808877
C2FA00,烏石坑,臺中市和平區,TWD97,24.275269,120.939447,WGS84,24.273503,120.947617,852.2899654877715
C2F9A0,中竹林,臺中市太平區,TWD97,24.105556,120.743333,WGS84,24.103556,120.751061,816.331488337806
C2G840,北斗,彰化縣北斗鎮,TWD97,23.879222,120.506528,WGS84,23.877586,120.514222,804.2887009369947
C2H950,中寮,南投縣中寮鄉,TWD97,23.886278,120.758528,WGS84,23.884447,120.766406,827.5419010450169
C2I090,鳳凰,南投縣鹿谷鄉,TWD97,23.729722,120.779167,WGS84,23.728081,120.787347,853.6361810565246
C2F860,梨山,臺中市和平區,TWD97,24.245,121.237667,WGS84,24.247522,121.243669,670.5060211420101
C2K240,草嶺,雲林縣古坑鄉,TWD97,23.597319,120.685342,WGS84,23.59555,120.693461,851.5239124725216
C2E520,大湖,苗栗縣大湖鄉,TWD97,24.4167,120.862694,WGS84,24.414939,120.870872,852.0572996654262
C2F000,大肚,臺中市大肚區,TWD97,24.154667,120.564,WGS84,24.15295,120.572117,846.5718148372475
C2E540,龍溪,苗栗縣後龍鎮,TWD97,24.608056,120.775556,WGS84,24.606489,120.783933,865.9019231258977
C2F930,大甲,臺中市大甲區,TWD97,24.349917,120.632361,WGS84,24.347667,120.640403,853.2731079895972
C2G870,芳苑,彰化縣芳苑鄉,TWD97,23.924,120.311861,WGS84,23.922303,120.320025,852.1798763832112
C2G640,鹿港,彰化縣鹿港鎮,TWD97,24.076944,120.422222,WGS84,24.0753,120.430481,859.3849935411278
C2M910,嘉義大學,嘉義市東區,TWD97,23.473087,120.477795,WGS84,23.471325,120.485903,851.0090493119314
C2O950,安南,臺南市安南區,TWD97,23.078333,120.136667,WGS84,23.076694,120.144861,858.9856626150153
C2M410,馬頭山,嘉義縣大埔鄉,TWD97,23.326389,120.573611,WGS84,23.324361,120.582017,888.5782720526381
C2O810,曾文,臺南市楠西區,TWD97,23.221472,120.489222,WGS84,23.219681,120.497328,853.0705970123952
C2O930,玉井,臺南市玉井區,TWD97,23.127833,120.452472,WGS84,23.126042,120.46055,850.8423994831599
C2V260,月眉,高雄市杉林區,TWD97,22.972778,120.531778,WGS84,22.971003,120.539853,851.0530544906374
C2V250,甲仙,高雄市甲仙區,TWD97,23.081667,120.5825,WGS84,23.080106,120.591758,964.2109236179009
C2N160,西拉雅風管處,臺南市官田區,TWD97,23.191241,120.327209,WGS84,23.189481,120.335297,850.6664330282682
C2A920,富貴角,新北市石門區,TWD97,25.265556,121.557278,WGS84,25.263783,121.565258,827.4941446501523
C2A880,福隆,新北市貢寮區,TWD97,25.019167,121.934167,WGS84,25.017842,121.942083,812.3703793587947
C2A540,四堵,新北市坪林區,TWD97,24.894394,121.737519,WGS84,24.8926,121.745736,853.6727749434734
C2A560,福山,新北市烏來區,TWD97,24.778333,121.494583,WGS84,24.776203,121.502811,864.9114481127147
C2D720,關西工作站,新竹縣關西鎮,TWD97,24.759045,121.176589,WGS84,24.757275,121.184792,852.557392381364
C2D730,寶山農場,新竹縣寶山鄉,TWD97,24.734205,120.967953,WGS84,24.732444,120.976153,852.1935812801169
C2H9K0,屯原,南投縣仁愛鄉,TWD97,24.069754,121.201235,WGS84,24.067969,121.209389,852.4842877957328
C2G980,田頭村,彰化縣竹塘鄉,TWD97,23.828053,120.436042,WGS84,23.8263,120.444175,851.0902099543238
C2K610,草嶺石壁,雲林縣古坑鄉,TWD97,23.604239,120.699612,WGS84,23.602469,120.707731,851.5071339125112
C2F990,摩天嶺,臺中市和平區,TWD97,24.324225,120.928649,WGS84,24.322458,120.936819,852.0060174538195
C2M920,朴子農改,嘉義縣朴子市,TWD97,23.47164,120.251277,WGS84,23.469889,120.259383,850.5403268622462
C2M620,瑞里,嘉義縣梅山鄉,TWD97,23.546903,120.667039,WGS84,23.545133,120.675197,855.7327534702026
C2A660,瑞芳,新北市瑞芳區,TWD97,25.114861,121.792639,WGS84,25.113169,121.801147,878.3206142186351
C2A650,火燒寮,新北市平溪區,TWD97,25.004411,121.734572,WGS84,25.002719,121.742892,860.5396351279983
C2H9W0,大坪頂農水,南投縣埔里鎮,TWD97,24.044894,120.92463,WGS84,24.043122,120.932781,852.0098158748405
C2K620,馬光農場,雲林縣虎尾鎮,TWD97,23.723205,120.370739,WGS84,23.721453,120.378864,850.9171020725508
C2FB50,出雲,臺中市和平區,TWD97,24.208236,120.894632,WGS84,24.206469,120.902794,851.9470805393379
C2FB60,頭櫃山,臺中市新社區,TWD97,24.131608,120.850769,WGS84,24.129842,120.858925,851.8093896125812
C2H9D0,三隻寮,南投縣國姓鄉,TWD97,24.094845,120.853424,WGS84,24.093078,120.861578,851.867160239642
C2H9E0,國姓南港,南投縣國姓鄉,TWD97,23.912878,120.838415,WGS84,23.911108,120.846556,851.7897980415626
C2H9F0,柑林,南投縣國姓鄉,TWD97,24.020426,120.838924,WGS84,24.018658,120.847072,851.7634799332363
C2H9G0,百勝,南投縣國姓鄉,TWD97,24.052912,120.90121,WGS84,24.051142,120.909361,851.9087551797477
C2M930,石卓,嘉義縣竹崎鄉,TWD97,23.480516,120.694154,WGS84,23.478744,120.702264,851.4174429651721
C2M940,日野賀,嘉義縣阿里山鄉,TWD97,23.435829,120.719062,WGS84,23.434056,120.727169,851.4157507527533
C2M950,太和,嘉義縣梅山鄉,TWD97,23.540143,120.694847,WGS84,23.538372,120.702961,851.4268838936246
C2K630,荷苞,雲林縣古坑鄉,TWD97,23.65948,120.587023,WGS84,23.657717,120.595144,851.1896333661782
C2H9H0,苗改南投蜂場,南投縣名間鄉,TWD97,23.854353,120.685345,WGS84,23.852589,120.693481,851.5039329770453
C2G9A0,畜試所彰化,彰化縣北斗鎮,TWD97,23.862208,120.549828,WGS84,23.86045,120.557964,851.3030883713202
C2E970,八甲,苗栗縣苗栗市,TWD97,24.537566,120.787798,WGS84,24.535811,120.795983,851.8258436235443
C2H9J0,中台,南投縣埔里鎮,TWD97,24.001373,120.930591,WGS84,23.9996,120.938739,852.0096928868835
C2H9L0,馬烈霸,南投縣仁愛鄉,TWD97,24.152982,121.193613,WGS84,24.1512,121.201772,852.3807835161074
C2H9M0,發祥,南投縣仁愛鄉,TWD97,24.155875,121.156357,WGS84,24.154094,121.164517,852.4358636750154
C2H9N0,仁愛東眼,南投縣仁愛鄉,TWD97,24.028656,121.112349,WGS84,24.026875,121.1205,852.3413073546349
C2H9P0,伊拿谷,南投縣仁愛鄉,TWD97,23.964991,121.080118,WGS84,23.963211,121.088264,852.2170890283605
C2H9Q0,北東眼山,南投縣仁愛鄉,TWD97,24.122721,121.181145,WGS84,24.120939,121.189303,852.4715778734612
C2H9R0,卓社,南投縣仁愛鄉,TWD97,23.889672,120.991946,WGS84,23.887894,121.000086,852.0389184344594
C2H9S0,龍南,南投縣國姓鄉,TWD97,23.955305,120.825039,WGS84,23.953536,120.833183,851.7981378666387
C2R970,屏科大,屏東縣內埔鄉,TWD97,22.65006,120.611193,WGS84,22.648275,120.619247,851.1075067224695
C2H9T0,名間竹圍,南投縣名間鄉,TWD97,23.861675,120.629436,WGS84,23.859914,120.637572,851.3824530462856
C2H9U0,鳳鵬,南投縣鹿谷鄉,TWD97,23.76569,120.779931,WGS84,23.763919,120.788061,851.6342693682891
CAF010,國一N174K,臺中市西屯區,TWD97,24.206657,120.647035,WGS84,24.2049,120.6552,851.9999274587076
CAG010,國一N198K,彰化縣彰化市,TWD97,24.065639,120.514899,WGS84,24.063889,120.523056,851.916316951455
CAJ020,國一N234K,雲林縣西螺鎮,TWD97,23.748078,120.459788,WGS84,23.74633,120.467926,851.9538207881274
CAL010,國一N250K,嘉義縣大林鎮,TWD97,23.612038,120.428737,WGS84,23.610292,120.436867,851.944638483462
CAD010,國一S105K,新竹縣寶山鄉,TWD97,24.728088,120.932448,WGS84,24.726316,120.940643,852.0205230962735
CAE020,國一S114K,苗栗縣頭份市,TWD97,24.670593,120.877616,WGS84,24.668836,120.885811,852.0094440302465
CAE030,國一S123K,苗栗縣頭屋鄉,TWD97,24.597708,120.852523,WGS84,24.59594,120.86071,851.9680767117137
CAE040,國一S132K,苗栗縣公館鄉,TWD97,24.526272,120.812648,WGS84,24.524506,120.820831,851.9796540409188
CAE050,國一S152K,苗栗縣三義鄉,TWD97,24.377254,120.74101,WGS84,24.375492,120.749184,851.9381450617269
CAF020,國一S162K,臺中市后里區,TWD97,24.297293,120.687806,WGS84,24.295534,120.695976,851.9731894223833
CAF030,國一S169K,臺中市神岡區,TWD97,24.238875,120.680105,WGS84,24.237116,120.688271,851.9465115595334
CAF040,國一S188K,臺中市大肚區,TWD97,24.120299,120.577587,WGS84,24.118546,120.585747,851.9466772466332
CAG030,國一S207K,彰化縣大村鄉,TWD97,23.990053,120.499939,WGS84,23.988304,120.508092,851.9668825779003
CAE060,國三N119K,苗栗縣竹南鎮,TWD97,24.677199,120.839196,WGS84,24.675432,120.847389,852.0236837056713
CAE070,國三N151K,苗栗縣苑裡鎮,TWD97,24.441976,120.673477,WGS84,24.440218,120.681656,851.9192627024993
CAG040,國三N191K,彰化縣和美鎮,TWD97,24.141006,120.513338,WGS84,24.139256,120.5215,851.9390424417138
CAG050,國三N196K,彰化縣彰化市,TWD97,24.108907,120.546322,WGS84,24.107155,120.554482,851.9928592112942
CAF050,國三N208K,臺中市霧峰區,TWD97,24.067905,120.652763,WGS84,24.066147,120.660919,852.0051988266945
CAE560,國一S144K,苗栗縣銅鑼鄉,TWD97,24.438818,120.770016,WGS84,24.437042,120.778219,854.765524669673
CAF950,國一N158K,臺中市后里區,TWD97,24.334121,120.708967,WGS84,24.332372,120.717144,852.1793398300312
CAF960,國三S175K,臺中市沙鹿區,TWD97,24.253246,120.58152,WGS84,24.251494,120.589683,851.3822485031344
CAF980,國三N183K,臺中市龍井區,TWD97,24.19538,120.562148,WGS84,24.193628,120.570311,851.7467144104994
CAH010,國三N223K,南投縣草屯鎮,TWD97,23.956874,120.654227,WGS84,23.955116,120.662376,852.0043899543919
CAJ010,國三N252K,雲林縣林內鄉,TWD97,23.775877,120.632472,WGS84,23.77412,120.64061,852.0095280722275
CAE080,國三S140K,苗栗縣通霄鎮,TWD97,24.524106,120.716822,WGS84,24.522345,120.725006,851.9651269407101
CAE090,國三S156K,苗栗縣苑裡鎮,TWD97,24.399738,120.66131,WGS84,24.39798,120.669487,851.9903094751345
CAF060,國三S168K,臺中市清水區,TWD97,24.310274,120.606299,WGS84,24.308519,120.614471,851.987549467555
CAG060,國三S202K,彰化縣彰化市,TWD97,24.094222,120.595098,WGS84,24.092468,120.603256,851.9373604524951
CAH020,國三S217K,南投縣草屯鎮,TWD97,24.008587,120.645062,WGS84,24.00683,120.653214,851.9542011932715
CAF090,國四E5K,臺中市神岡區,TWD97,24.298221,120.634964,WGS84,24.296465,120.643135,851.9902226044816
CAA090,國三甲005K,臺北市文山區,TWD97,25.003726,121.589277,WGS84,25.00194,121.5975,853.3441022953383
CAC020,國二E009K,桃園市桃園區,TWD97,25.020014,121.265475,WGS84,25.018244,121.273697,852.7302047047913
CAB050,國三N002K,基隆市中山區,TWD97,25.147619,121.713466,WGS84,25.14583,121.7217,853.5579252933956
CAB030,國三S004K,基隆市七堵區,TWD97,25.116228,121.680369,WGS84,25.11444,121.6886,853.44414370811
CAB040,國三S007K,基隆市七堵區,TWD97,25.098727,121.65957,WGS84,25.09694,121.6678,853.4351592842505
CAA030,國三S010K,新北市汐止區,TWD97,25.081787,121.639272,WGS84,25.08,121.6475,853.3499674712101
CAA040,國三S016K,臺北市南港區,TWD97,25.034846,121.607575,WGS84,25.03306,121.6158,853.3371078353047
CAA050,國三S037K,新北市土城區,TWD97,24.984141,121.462821,WGS84,24.982361,121.471042,853.1216475848745
CAA060,國三S042K,新北市土城區,TWD97,24.961778,121.422381,WGS84,24.96,121.4306,853.0198236467642
CAA070,國三N046K,新北市樹林區,TWD97,24.952607,121.387582,WGS84,24.95083,121.3958,852.955758594485
CAA990,國一N039K,新北市泰山區,TWD97,25.066207,121.373771,WGS84,25.064433,121.381972,850.4684098136149
CAC760,國一高架N063K,桃園市平鎮區,TWD97,24.952048,121.188097,WGS84,24.950281,121.196314,852.6061213071306
CAD710,國三N077K,新竹縣關西鎮,TWD97,24.799064,121.181827,WGS84,24.797294,121.190033,852.5939879416736
CAC770,國三N072K,桃園市龍潭區,TWD97,24.838161,121.191163,WGS84,24.836391,121.199371,852.537603827586
CAAD60,國五S005K,新北市石碇區,TWD97,24.998202,121.643708,WGS84,24.996414,121.651931,853.4315665781724
CAAD70,國五S006K,新北市石碇區,TWD97,24.991753,121.64875,WGS84,24.989964,121.656972,853.4011821675508
CAAD80,國五N008K,新北市石碇區,TWD97,24.985201,121.659868,WGS84,24.982411,121.668089,885.6905088157016
CAAD90,國五N013K,新北市坪林區,TWD97,24.949395,121.697289,WGS84,24.947603,121.705508,853.459931999565
CAUB30,國五S031K,宜蘭縣礁溪鄉,TWD97,24.820942,121.774168,WGS84,24.819144,121.782378,853.564393166913
CAUB40,國五S041K,宜蘭縣壯圍鄉,TWD97,24.736563,121.773719,WGS84,24.734764,121.781922,853.4469280012249
CAUB50,國五S047K,宜蘭縣羅東鎮,TWD97,24.677257,121.786384,WGS84,24.675456,121.794583,853.4868937161968
CAA080,國三S054K,新北市鶯歌區,TWD97,24.940943,121.315683,WGS84,24.93917,121.3239,852.8313048849739
CAC030,國三N063K,桃園市大溪區,TWD97,24.891285,121.255387,WGS84,24.889514,121.2636,852.7101092591806
CAD080,國三N085K,新竹縣關西鎮,TWD97,24.785096,121.112895,WGS84,24.78333,121.1211,852.4841214636158
CAD090,國三S103K,新竹市東區,TWD97,24.76037,120.952631,WGS84,24.75861,120.9608,848.9473332486791
CAB010,國一S001K,基隆市安樂區,TWD97,25.11762,121.720369,WGS84,25.11583,121.7286,853.4864575276101
CAB020,國一S006K,基隆市七堵區,TWD97,25.088729,121.678671,WGS84,25.08694,121.6869,853.4540198853135
CAA010,國一N013K,新北市汐止區,TWD97,25.068524,121.619925,WGS84,25.066739,121.628153,853.3854936090491
CAA020,國一S026K,新北市三重區,TWD97,25.078169,121.488172,WGS84,25.07639,121.4964,853.1685184335216
CAC010,國一S072K,桃園市楊梅區,TWD97,24.897595,121.125987,WGS84,24.89583,121.1342,852.5164172356091
CAD020,國一N077K,新竹縣湖口鄉,TWD97,24.886763,121.080688,WGS84,24.885,121.0889,852.4376767513668
CAD030,國一S082K,新竹縣湖口鄉,TWD97,24.878431,121.038489,WGS84,24.87667,121.0467,852.3427054875247
CAD040,國一S088K,新竹縣竹北市,TWD97,24.8462,121.013191,WGS84,24.84444,121.0214,852.3297801094734
CAD050,國一N094K,新竹市東區,TWD97,24.799541,121.000695,WGS84,24.79778,121.0089,852.2637398722671
CAD060,國一S098K,新竹縣寶山鄉,TWD97,24.762369,120.982894,WGS84,24.76056,120.9911,853.8348534890366
CAL020,國一S262K,嘉義縣民雄鄉,TWD97,23.51409,120.394928,WGS84,23.512333,120.403038,850.8319274635176
CAL030,國一N268K,嘉義縣水上鄉,TWD97,23.46259,120.367726,WGS84,23.460833,120.375833,850.8464789454046
CAL040,國一N273K,嘉義縣水上鄉,TWD97,23.418417,120.346896,WGS84,23.416666,120.355,850.6640441877582
CAN010,國一N288K,臺南市新營區,TWD97,23.307846,120.281937,WGS84,23.30609,120.290033,850.6618354995923
CAN020,國一S306K,臺南市麻豆區,TWD97,23.154587,120.222474,WGS84,23.152831,120.230558,850.3855552203904
CAN040,國一N323K,臺南市永康區,TWD97,23.01355,120.241377,WGS84,23.011789,120.249453,850.5543153174361
CAP010,國一S342K,高雄市路竹區,TWD97,22.847321,120.286935,WGS84,22.845555,120.295,850.5655798020942
CAP020,國一S346K,高雄市岡山區,TWD97,22.81399,120.306103,WGS84,22.812222,120.314166,850.6127131600173
CAP030,國一N351K,高雄市橋頭區,TWD97,22.767602,120.320828,WGS84,22.765833,120.328888,850.6106359028109
CAP040,國一N361K,高雄市仁武區,TWD97,22.682326,120.320557,WGS84,22.680555,120.328611,850.5605829555744
CAL050,國三N279K,嘉義縣大林鎮,TWD97,23.597872,120.515216,WGS84,23.596111,120.523333,851.1183865744471
CAL070,國三N295K,嘉義市東區,TWD97,23.470361,120.491261,WGS84,23.468598,120.499369,851.0510014498321
CAM900,國三S290K,嘉義縣竹崎鄉,TWD97,23.505867,120.482631,WGS84,23.504106,120.490742,851.0827899348753
CAV270,國一S336K,高雄市路竹區,TWD97,22.89593,120.263097,WGS84,22.894167,120.271178,851.8007312354932
CAN150,國一N315K,臺南市新市區,TWD97,23.08526,120.24383,WGS84,23.0835,120.251897,849.2052159006312
CAV280,國三S378K,高雄市田寮區,TWD97,22.82773,120.407455,WGS84,22.825958,120.415519,850.7339500729252
CAL080,國三N303K,嘉義縣中埔鄉,TWD97,23.413742,120.444389,WGS84,23.411969,120.452447,846.67706286415
CAN060,國三S311K,臺南市白河區,TWD97,23.34815,120.430789,WGS84,23.346388,120.438888,850.86974590465
CAN070,國三S329K,臺南市官田區,TWD97,23.214538,120.347743,WGS84,23.212777,120.355833,850.7515522607854
CAN080,國三N336K,臺南市官田區,TWD97,23.156484,120.336914,WGS84,23.154722,120.345,850.7257885585678
CAN090,國三S342K,臺南市善化區,TWD97,23.108456,120.319446,WGS84,23.106694,120.327528,850.6137003472577
CAN100,國三S366K,臺南市關廟區,TWD97,22.909476,120.343284,WGS84,22.9077,120.3513,845.5649105775477
CAP060,國三S385K,高雄市大樹區,TWD97,22.769552,120.436379,WGS84,22.767777,120.444444,851.2520943233166
CAQ020,國三S415K,屏東縣竹田鄉,TWD97,22.569782,120.519952,WGS84,22.568,120.528,850.897010609682
CAQ010,國三N425K,屏東縣南州鄉,TWD97,22.482061,120.523624,WGS84,22.480277,120.531666,850.8557455255711
CAJ040,西濱S241K,雲林縣口湖鄉,TWD97,23.625171,120.164529,WGS84,23.623426,120.172646,850.5471092275128
CAL100,西濱S267K,嘉義縣東石鄉,TWD97,23.417568,120.15477,WGS84,23.41613,120.162872,843.240742602701
CAC050,西濱S023K,桃園市蘆竹區,TWD97,25.118258,121.26728,WGS84,25.11649,121.27551,852.8211429145841
CAC060,西濱S032K,桃園市大園區,TWD97,25.09373,121.184277,WGS84,25.091966,121.192505,852.6841367376379
CAD100,西濱N066K,新竹縣新豐鄉,TWD97,24.897357,120.956688,WGS84,24.8956,120.9649,852.2167808036425
CAD110,西濱S082K,新竹市香山區,TWD97,24.753481,120.896827,WGS84,24.751724,120.905028,852.0663312937517
CAE100,西濱N107K,苗栗縣後龍鎮,TWD97,24.597551,120.731211,WGS84,24.5958,120.7394,851.7353913011202
CAE110,西濱S129K,苗栗縣苑裡鎮,TWD97,24.44895,120.634622,WGS84,24.4472,120.6428,851.5740049737497
CAF100,西濱N151K,臺中市清水區,TWD97,24.277713,120.539516,WGS84,24.275964,120.547681,851.3499378919477
CAG070,西濱S173K,彰化縣鹿港鎮,TWD97,24.109847,120.426423,WGS84,24.1081,120.434576,851.1679436337802
CAG080,西濱S189K,彰化縣芳苑鄉,TWD97,23.989603,120.361463,WGS84,23.987857,120.369607,851.0022784084885
CAG090,西濱N210K,彰化縣大城鄉,TWD97,23.845282,120.285103,WGS84,23.843536,120.293236,850.8071613939428
CAJ030,西濱N222K,雲林縣麥寮鄉,TWD97,23.73948,120.248007,WGS84,23.737734,120.256132,850.665710547562
CAL090,西濱S257K,嘉義縣東石鄉,TWD97,23.504025,120.163753,WGS84,23.502278,120.171861,850.4415944985624
CAN110,西濱S280K,臺南市北門區,TWD97,23.30695,120.140816,WGS84,23.3052,120.14891,850.3163514213306
CAN120,西濱N304K,臺南市七股區,TWD97,23.10519,120.078614,WGS84,23.103439,120.086694,850.1550234941343
